ID,STATE_NAME,STATE_FIPS,SUB_REGION,STATE_ABBR,State,AllAge_B_AA_Rate,AllAge_B_Lower_CI,AllAge_B_Upper_CI,AllAge_B_Average_Count,AllAge_B_Recent_Trend,AllAge_B_Recent_5yr_Trend,AllAge_B_Lower_Trend_CI,AllAge_B_Upper_Trend_CI,AllAge_M_AA_Rate,AllAge_M_Lower_CI,AllAge_M_Upper_CI,AllAge_M_Average_Count,AllAge_M_Recent_Trend,AllAge_M_Recent_5yr_Trend,AllAge_M_Lower_Trend_CI,AllAge_M_Upper_Trend_CI,AllAge_F_AA_Rate,AllAge_F_Lower_CI,AllAge_F_Upper_CI,AllAge_F_Average_Count,AllAge_F_Recent_Trend,AllAge_F_Recent_5yr_Trend,AllAge_F_Lower_Trend_CI,AllAge_F_Upper_Trend_CI,Under50_B_AA_Rate,Under50_B_Lower_CI,Under50_B_Upper_CI,Under50_B_Average_Count,Under50_B_Recent_Trend,Under50_B_Recent_5yr_Trend,Under50_B_Lower_Trend_CI,Under50_B_Upper_Trend_CI,Under50_M_AA_Rate,Under50_M_Lower_CI,Under50_M_Upper_CI,Under50_M_Average_Count,Under50_M_Recent_Trend,Under50_M_Recent_5yr_Trend,Under50_M_Lower_Trend_CI,Under50_M_Upper_Trend_CI,Under50_F_AA_Rate,Under50_F_Lower_CI,Under50_F_Upper_CI,Under50_F_Average_Count,Under50_F_Recent_Trend,Under50_F_Recent_5yr_Trend,Under50_F_Lower_Trend_CI,Under50_F_Upper_Trend_CI,Age50over_B_AA_Rate,Age50over_B_Lower_CI,Age50over_B_Upper_CI,Age50over_B_Average_Count,Age50over_B_Recent_Trend,Age50over_B_Recent_5yr_Trend,Age50over_B_Lower_Trend_CI,Age50over_B_Upper_Trend_CI,Age50over_M_AA_Rate,Age50over_M_Lower_CI,Age50over_M_Upper_CI,Age50over_M_Average_Count,Age50over_M_Recent_Trend,Age50over_M_Recent_5yr_Trend,Age50over_M_Lower_Trend_CI,Age50over_M_Upper_Trend_CI,Age50over_F_AA_Rate,Age50over_F_Lower_CI,Age50over_F_Upper_CI,Age50over_F_Average_Count,Age50over_F_Recent_Trend,Age50over_F_Recent_5yr_Trend,Age50over_F_Lower_Trend_CI,Age50over_F_Upper_Trend_CI,Under65_B_AA_Rate,Under65_B_Lower_CI,Under65_B_Upper_CI,Under65_B_Average_Count,Under65_B_Recent_Trend,Under65_B_Recent_5yr_Trend,Under65_B_Lower_Trend_CI,Under65_B_Upper_Trend_CI,Under65_M_AA_Rate,Under65_M_Lower_CI,Under65_M_Upper_CI,Under65_M_Average_Count,Under65_M_Recent_Trend,Under65_M_Recent_5yr_Trend,Under65_M_Lower_Trend_CI,Under65_M_Upper_Trend_CI,Under65_F_AA_Rate,Under65_F_Lower_CI,Under65_F_Upper_CI,Under65_F_Average_Count,Under65_F_Recent_Trend,Under65_F_Recent_5yr_Trend,Under65_F_Lower_Trend_CI,Under65_F_Upper_Trend_CI,Age65over_B_AA_Rate,Age65over_B_Lower_CI,Age65over_B_Upper_CI,Age65over_B_Average_Count,Age65over_B_Recent_Trend,Age65over_B_Recent_5yr_Trend,Age65over_B_Lower_Trend_CI,Age65over_B_Upper_Trend_CI,Age65over_M_AA_Rate,Age65over_M_Lower_CI,Age65over_M_Upper_CI,Age65over_M_Average_Count,Age65over_M_Recent_Trend,Age65over_M_Recent_5yr_Trend,Age65over_M_Lower_Trend_CI,Age65over_M_Upper_Trend_CI,Age65over_F_AA_Rate,Age65over_F_Lower_CI,Age65over_F_Upper_CI,Age65over_F_Average_Count,Age65over_F_Recent_Trend,Age65over_F_Recent_5yr_Trend,Age65over_F_Lower_Trend_CI,Age65over_F_Upper_Trend_CI,Shape__Area,Shape__Length,Total_Rate,STATE_X,STATE_Y
1,Alaska,2,Pacific,AK,"Alaska(6,10)",56,53.22,58.97,348.6,stable,-1.88,-4.37,0.67,64.15,59.69,68.82,194.4,stable,-1.36,-5.09,2.51,48.77,45.18,52.56,154.2,stable,-2.82,-12.24,7.6,2.63,2.0,3.39,11.8,stable,-9.97,-30.17,16.07,2.65,1.8,3.75,6.2,stable,-19.96,-64.68,81.37,2.61,1.73,3.77,5.6,stable,-11.31,-39.18,29.33,196.04,185.97,206.51,336.8,stable,-1.61,-4.86,1.76,225.31,209.38,242.1,188.2,stable,-1.04,-3.43,1.42,169.76,157.01,183.26,148.6,stable,-2.54,-11.06,6.79,15.69,14.5,16.96,133.8,stable,1.79,-6.27,10.54,16.5,14.84,18.32,74.0,stable,4.78,-7.06,18.12,14.8,13.13,16.62,59.8,stable,-1.77,-16.09,15.0,335.0,314.29,356.7,214.8,stable,-2.96,-7.16,1.43,393.46,360.34,428.82,120.4,stable,-2.94,-6.37,0.6,283.59,257.78,311.29,94.4,stable,-3.11,-12.92,7.81,277.524097027282,407.570958318092,120.15,6,10
2,California,6,Pacific,CA,"California(7,8)",45,41.77,42.35,16822.6,falling,-3.87,-4.43,-3.31,47.39,46.93,47.86,8458.6,falling,-4.64,-5.29,-3.99,38.08,37.71,38.45,8364.0,falling,-3.15,-3.85,-2.45,1.98,1.91,2.06,500.4,falling,-5.56,-6.14,-4.97,1.81,1.71,1.92,230.2,falling,-5.59,-6.09,-5.09,2.15,2.04,2.27,270.2,falling,-5.25,-6.1,-4.4,147.0,145.97,148.03,16322.2,falling,-3.81,-4.38,-3.23,166.74,165.09,168.4,8228.4,falling,-4.59,-5.23,-3.95,132.14,130.84,133.46,8093.8,falling,-3.07,-3.78,-2.35,10.58,10.44,10.72,4396.2,falling,-4.56,-4.75,-4.37,10.99,10.79,11.2,2243.2,falling,-4.03,-5.44,-2.59,10.21,10.02,10.41,2153.0,falling,-4.0,-4.26,-3.73,259.66,257.6,261.73,12426.4,falling,-3.73,-4.43,-3.04,299.01,295.65,302.4,6215.4,falling,-4.47,-5.17,-3.76,230.67,228.08,233.29,6211.0,falling,-3.1,-3.92,-2.26,41.5336180835893,42.2601575015428,89.39,7,8
3,Hawaii,15,Pacific,HI,"Hawaii(7,8)",45,44.27,47.16,815.0,falling,-3.35,-4.88,-1.79,57.16,54.8,59.6,464.0,falling,-2.66,-3.11,-2.21,36.41,34.68,38.21,351.0,falling,-1.14,-1.76,-0.52,2.47,2.02,2.98,21.2,falling,-9.0,-9.0,-9.0,2.8,2.14,3.6,12.2,falling,-9.0,-9.0,-9.0,2.12,1.55,2.84,9.0,falling,-9.0,-9.0,-9.0,158.89,153.88,164.02,793.8,falling,-3.3,-4.88,-1.7,199.51,191.17,208.13,451.8,falling,-2.7,-3.18,-2.21,126.18,120.13,132.46,342.0,falling,-1.06,-1.66,-0.45,13.88,13.07,14.74,228.8,falling,-4.15,-4.98,-3.31,15.95,14.71,17.26,130.0,falling,-3.57,-4.33,-2.81,11.86,10.81,13.0,98.8,falling,-2.77,-3.58,-1.96,265.58,255.85,275.59,586.2,falling,-1.49,-1.94,-1.04,342.06,325.51,359.24,334.0,falling,-2.32,-2.86,-1.77,206.07,194.56,218.07,252.2,stable,-0.5,-1.18,0.19,1.42928890206281,11.9527869431586,102.16,7,8
4,Idaho,16,Mountain,ID,"Idaho(7,8)",50,48.87,51.85,914.0,falling,-1.25,-1.71,-0.78,55.6,53.32,57.95,471.4,falling,-2.23,-2.85,-1.61,46.28,44.34,48.29,442.6,stable,-0.2,-0.76,0.36,2.3,1.89,2.77,21.8,falling,-3.83,-5.45,-2.18,1.82,1.32,2.44,8.8,falling,-9.0,-9.0,-9.0,2.78,2.15,3.54,13.0,falling,-9.0,-9.0,-9.0,176.15,170.93,181.48,892.2,falling,-1.14,-1.63,-0.64,196.41,188.29,204.79,462.6,falling,-2.1,-2.76,-1.43,160.19,153.38,167.21,429.6,stable,-0.12,-0.66,0.42,13.38,12.61,14.19,238.2,falling,-2.2,-2.83,-1.56,12.99,11.93,14.12,116.2,falling,-3.05,-3.92,-2.17,13.79,12.69,14.97,122.0,falling,-1.26,-2.21,-0.3,305.82,295.46,316.45,675.8,falling,-0.95,-1.46,-0.44,350.15,333.74,367.16,355.2,falling,-2.01,-2.69,-1.32,270.87,257.61,284.63,320.6,stable,-2.82,-5.95,0.43,24.3915953223368,28.5296728435378,105.6,7,8
5,Nevada,32,Mountain,NV,"Nevada(6,10)",55,54.01,56.4,1740.4,falling,-5.3,-9.26,-1.17,57.64,55.87,59.45,861.0,falling,-7.5,-13.78,-0.76,53.37,51.78,55.01,879.4,stable,-3.3,-7.23,0.8,2.12,1.83,2.44,38.6,stable,-1.51,-5.94,3.14,1.9,1.52,2.34,17.6,stable,-2.93,-14.83,10.63,2.34,1.91,2.84,21.0,stable,-0.26,-10.92,11.68,194.3,190.09,198.57,1701.8,falling,-5.41,-9.55,-1.08,203.68,197.35,210.15,843.4,falling,-7.61,-14.23,-0.48,187.12,181.45,192.91,858.4,stable,-3.39,-7.17,0.54,13.91,13.33,14.51,447.4,falling,-6.36,-9.27,-3.36,13.58,12.77,14.42,217.2,stable,-7.76,-16.81,2.27,14.28,13.45,15.15,230.2,stable,-5.01,-12.19,2.75,340.59,332.15,349.18,1293.0,stable,-5.01,-10.77,1.13,362.17,349.35,375.35,643.8,stable,-7.45,-16.04,2.02,323.62,312.39,335.15,649.2,stable,-2.75,-6.26,0.9,29.9699249557427,23.6087337772905,112.64,6,10
6,Oregon,41,Pacific,OR,"Oregon(6,10)",54,53.74,55.64,2683.6,falling,-4.29,-7.22,-1.26,59.68,58.23,61.17,1343.8,falling,-4.49,-8.36,-0.45,50.93,49.69,52.19,1339.8,falling,-4.14,-6.47,-1.76,2.79,2.49,3.1,67.0,stable,-9.99,-22.88,5.07,2.7,2.31,3.15,32.8,stable,-9.87,-28.13,13.04,2.87,2.46,3.34,34.2,stable,-9.51,-26.03,10.7,190.72,187.39,194.08,2616.6,falling,-4.07,-6.76,-1.31,209.02,203.86,214.29,1311.0,falling,-4.31,-7.81,-0.67,176.91,172.56,181.35,1305.6,falling,-3.9,-6.0,-1.75,15.16,14.65,15.68,726.6,stable,-3.3,-8.14,1.79,15.54,14.82,16.29,365.8,stable,-3.88,-10.42,3.15,14.82,14.12,15.55,360.8,stable,-2.68,-6.46,1.26,327.88,321.31,334.56,1957.0,falling,-4.6,-7.61,-1.5,364.81,354.44,375.4,978.0,falling,-4.67,-8.13,-1.08,300.54,292.03,309.24,979.0,falling,-4.64,-7.92,-1.25,28.1877890929331,24.7872488395167,113.68,6,10
7,Washington,53,Pacific,WA,"Washington(5,10)",55,55.07,56.59,4389.6,falling,-2.82,-4.63,-0.97,61.26,60.08,62.45,2209.8,falling,-3.18,-5.85,-0.44,51.72,50.73,52.73,2179.8,stable,-2.57,-5.1,0.02,2.8,2.58,3.03,123.6,stable,-2.83,-11.58,6.79,2.5,2.21,2.81,55.8,stable,-6.29,-20.81,10.9,3.1,2.78,3.45,67.8,stable,0.77,-14.57,18.85,194.82,192.15,197.52,4265.8,falling,-2.82,-4.86,-0.73,215.22,211.04,219.46,2153.8,stable,-3.09,-6.19,0.12,179.2,175.72,182.72,2112.0,falling,-2.71,-4.98,-0.38,15.23,14.85,15.63,1253.6,stable,-0.32,-2.12,1.52,15.56,15.02,16.12,637.0,stable,-1.28,-7.75,5.64,14.96,14.42,15.51,616.6,stable,0.81,-5.86,7.95,336.43,331.09,341.84,3136.0,falling,-3.59,-5.99,-1.13,377.12,368.64,385.74,1572.8,stable,-3.7,-8.35,1.18,305.86,298.99,312.85,1563.2,falling,-3.69,-5.8,-1.53,20.750757823042,34.9568573744461,116.25999999999999,5,10
8,Arizona,4,Mountain,AZ,"Arizona(6,10)",48,47.42,48.78,3922.2,falling,-3.32,-5.01,-1.59,53.05,52.0,54.11,2003.8,falling,-3.85,-6.26,-1.37,44.03,43.14,44.93,1918.4,falling,-2.81,-4.99,-0.58,2.17,1.97,2.38,85.6,falling,-9.61,-15.13,-3.72,2.03,1.76,2.33,40.2,stable,-11.44,-23.1,1.98,2.31,2.02,2.63,45.4,stable,-8.38,-23.31,9.47,168.45,166.05,170.87,3836.4,falling,-3.11,-4.79,-1.39,186.73,183.01,190.51,1963.4,falling,-3.64,-5.8,-1.44,153.39,150.27,156.56,1873.0,falling,-2.6,-4.47,-0.68,13.11,12.74,13.5,952.4,stable,-3.42,-8.53,1.98,13.77,13.22,14.34,483.2,stable,-4.55,-11.4,2.83,12.54,12.03,13.07,469.2,stable,-2.3,-10.73,6.93,289.89,285.21,294.63,2969.8,falling,-3.27,-4.96,-1.56,324.57,317.23,332.03,1520.6,falling,-3.63,-5.56,-1.66,261.68,255.63,267.83,1449.2,falling,-2.99,-4.55,-1.41,28.8590896907558,23.2572697298343,101.05,6,10
9,Arkansas,5,West South Central,AR,"Arkansas(6,10)",75,76.85,79.45,2867.0,stable,-0.36,-2.59,1.92,97.8,95.65,99.99,1630.0,stable,-1.31,-3.53,0.96,62.61,61.03,64.22,1237.0,stable,0.85,-2.2,3.98,5.32,4.84,5.82,92.8,stable,0.25,-13.92,16.75,5.28,4.61,6.01,45.8,stable,-3.31,-18.69,14.98,5.35,4.69,6.08,47.0,stable,3.8,-12.61,23.3,269.11,264.61,273.68,2774.2,stable,-0.39,-2.71,1.99,340.35,332.74,348.08,1584.2,stable,-1.22,-3.5,1.12,212.8,207.38,218.33,1190.0,stable,0.65,-3.12,4.57,28.56,27.73,29.41,942.8,stable,-0.41,-5.11,4.52,32.89,31.63,34.19,533.4,stable,-1.97,-7.02,3.35,24.55,23.47,25.68,409.4,stable,1.59,-3.71,7.17,420.9,412.45,429.47,1924.2,stable,-0.32,-1.88,1.26,546.5,531.87,561.43,1096.6,stable,-1.03,-2.09,0.04,325.65,315.72,335.8,827.6,stable,0.5,-2.82,3.93,13.5174647423696,20.8771793443774,175.8,6,10
10,Colorado,8,Mountain,CO,"Colorado(6,10)",45,41.73,43.32,2327.0,falling,-3.07,-3.99,-2.13,45.55,44.33,46.81,1137.2,falling,-3.31,-5.88,-0.66,40.36,39.32,41.43,1189.8,falling,-2.83,-5.11,-0.51,1.94,1.74,2.16,66.0,stable,0.03,-9.65,10.75,1.76,1.49,2.06,30.6,stable,0.55,-7.51,9.31,2.13,1.83,2.47,35.4,stable,-0.68,-17.04,18.9,148.86,146.05,151.71,2260.8,falling,-3.18,-4.44,-1.9,160.29,155.91,164.76,1106.4,falling,-3.42,-6.07,-0.7,140.58,136.89,144.34,1154.4,falling,-2.93,-5.24,-0.56,11.14,10.77,11.53,683.2,stable,-3.05,-6.63,0.66,11.15,10.61,11.7,338.4,stable,-3.99,-13.74,6.86,11.16,10.63,11.71,344.8,stable,-2.05,-6.78,2.92,259.41,253.73,265.18,1643.8,falling,-3.05,-4.8,-1.27,283.4,274.44,292.57,798.8,falling,-3.05,-5.91,-0.11,242.24,234.86,249.78,845.0,falling,-3.12,-5.72,-0.44,28.0415971958025,22.0256262722846,87.55,6,10
11,Iowa,19,West North Central,IA,"Iowa(7,8)",63,61.91,64.2,2436.0,falling,-1.38,-2.05,-0.71,74.98,73.15,76.85,1315.8,falling,-1.3,-1.49,-1.1,54.0,52.56,55.47,1120.2,stable,1.03,-1.02,3.12,3.91,3.51,4.33,71.6,falling,-5.63,-9.91,-1.15,3.24,2.74,3.8,30.0,falling,-2.16,-3.26,-1.05,4.58,3.98,5.25,41.6,stable,0.22,-0.66,1.11,217.92,213.95,221.94,2364.4,falling,-1.2,-1.86,-0.53,262.84,256.35,269.46,1285.8,falling,-1.26,-1.44,-1.08,183.39,178.44,188.43,1078.6,stable,-0.13,-0.78,0.54,20.37,19.69,21.06,729.2,falling,-1.38,-1.62,-1.13,21.63,20.67,22.64,392.6,falling,-2.13,-2.44,-1.81,19.13,18.2,20.1,336.6,falling,-0.44,-0.81,-0.07,358.07,350.42,365.84,1706.8,falling,-1.46,-2.22,-0.7,443.73,430.89,456.86,923.2,falling,-2.9,-4.31,-1.48,294.99,285.66,304.55,783.6,stable,-0.56,-1.57,0.45,15.8533793044405,18.7903206410747,137.98000000000002,7,8
12,Kansas,20,West North Central,KS,"Kansas(6,10)",59,58.66,61.06,1990.2,stable,-1.97,-5.93,2.17,69.42,67.5,71.37,1044.2,falling,-4.3,-7.92,-0.53,52.73,51.21,54.29,946.0,stable,0.72,-3.79,5.44,3.14,2.77,3.55,52.0,stable,-2.62,-13.98,10.23,2.94,2.45,3.51,24.6,stable,-8.85,-29.92,18.56,3.35,2.81,3.96,27.4,stable,2.11,-16.19,24.4,208.51,204.31,212.77,1938.2,stable,-1.93,-6.17,2.5,243.63,236.84,250.56,1019.6,falling,-4.16,-7.34,-0.86,182.23,176.91,187.66,918.6,stable,0.63,-4.99,6.58,18.79,18.11,19.49,608.6,stable,-3.4,-7.0,0.35,19.68,18.71,20.7,317.8,stable,-6.57,-14.55,2.16,17.94,17.01,18.92,290.8,stable,0.12,-2.94,3.28,343.69,335.53,351.99,1381.6,stable,-1.42,-6.82,4.31,413.19,399.68,427.03,726.4,stable,-3.51,-7.17,0.28,293.24,283.12,303.62,655.2,stable,0.93,-6.63,9.1,21.9823053514629,21.1048705545249,128.42000000000002,6,10
13,Louisiana,22,West South Central,LA,"Louisiana(7,8)",67,66.48,68.52,3535.2,falling,-2.03,-2.47,-1.59,84.77,83.06,86.51,1986.6,falling,-2.34,-2.66,-2.02,54.15,52.94,55.39,1548.6,falling,-1.34,-1.94,-0.73,4.68,4.33,5.05,132.8,falling,-12.24,-17.03,-7.18,4.86,4.35,5.4,68.2,falling,-4.75,-5.61,-3.89,4.51,4.03,5.03,64.6,falling,-14.07,-23.68,-3.24,231.98,228.45,235.56,3402.4,falling,-1.78,-2.2,-1.37,294.04,287.98,300.19,1918.4,falling,-2.21,-2.52,-1.9,184.16,179.94,188.45,1484.0,falling,-0.34,-0.67,-0.02,24.7,24.08,25.32,1288.2,falling,-2.07,-2.35,-1.8,29.01,28.07,29.98,739.0,falling,-2.83,-3.19,-2.48,20.7,19.91,21.51,549.2,falling,-1.03,-1.53,-0.52,363.32,356.55,370.19,2247.0,falling,-2.13,-2.73,-1.52,470.21,458.34,482.31,1247.6,falling,-2.13,-2.59,-1.68,285.41,277.48,293.51,999.4,falling,-1.39,-2.25,-0.51,11.2246534354665,32.5702758614539,151.76999999999998,7,8
14,Minnesota,27,West North Central,MN,"Minnesota(6,10)",55,55.13,56.82,3529.2,stable,-0.06,-4.08,4.12,61.81,60.5,63.14,1781.2,stable,-0.9,-5.72,4.18,51.78,50.68,52.9,1748.0,stable,0.74,-2.79,4.4,3.1,2.83,3.38,103.0,stable,-0.94,-11.92,11.4,2.73,2.38,3.11,45.4,stable,-0.67,-6.33,5.34,3.47,3.08,3.9,57.6,stable,-1.07,-16.68,17.46,194.54,191.59,197.53,3425.8,stable,-0.03,-3.84,3.94,216.61,211.97,221.33,1735.4,stable,-0.9,-5.85,4.31,178.47,174.62,182.38,1690.4,stable,0.83,-2.04,3.79,16.94,16.49,17.41,1083.6,stable,0.11,-6.02,6.63,16.96,16.32,17.63,544.6,stable,-0.85,-6.9,5.6,16.94,16.29,17.61,539.0,stable,1.06,-5.74,8.35,325.72,319.9,331.62,2445.6,stable,-0.12,-4.03,3.94,371.84,362.51,381.35,1236.6,stable,-0.95,-6.66,5.12,292.65,285.2,300.24,1209.0,stable,0.64,-1.92,3.25,25.5778358054988,29.5110548883795,116.81,6,10
15,Missouri,29,West North Central,MO,"Missouri(6,10)",72,72.01,73.77,5417.2,falling,-2.79,-3.92,-1.65,85.27,83.85,86.72,2848.0,falling,-3.77,-5.84,-1.67,63.5,62.39,64.63,2569.2,falling,-1.81,-3.48,-0.12,4.84,4.52,5.17,175.0,falling,-11.94,-18.88,-4.4,4.72,4.28,5.19,84.4,falling,-12.39,-20.9,-2.97,4.96,4.51,5.44,90.6,falling,-11.54,-21.54,-0.25,251.3,248.23,254.4,5242.0,falling,-2.31,-3.18,-1.43,296.43,291.41,301.52,2763.4,falling,-3.4,-5.26,-1.51,217.06,213.21,220.96,2478.6,stable,-1.2,-2.64,0.26,25.37,24.83,25.91,1776.6,stable,-3.98,-7.86,0.06,26.92,26.14,27.73,923.4,falling,-5.57,-9.9,-1.04,23.93,23.2,24.68,853.2,stable,-2.27,-6.63,2.29,401.35,395.49,407.28,3640.6,falling,-2.26,-3.02,-1.49,488.62,478.77,498.62,1924.6,falling,-3.08,-5.06,-1.05,337.03,329.86,344.32,1716.0,falling,-1.58,-2.53,-0.62,18.6479037273903,23.5959465170201,157.26999999999998,6,10
16,Montana,30,Mountain,MT,"Montana(6,10)",54,53.04,56.68,732.8,stable,-1.95,-6.14,2.43,55.56,52.92,58.3,351.4,stable,-2.74,-8.28,3.13,54.78,52.3,57.36,381.4,stable,-1.41,-13.12,11.88,2.09,1.59,2.7,11.8,stable,4.08,-21.55,38.08,1.76,1.12,2.61,4.8,stable,27.36,-9.95,80.13,2.43,1.69,3.38,7.0,stable,-10.66,-30.63,15.07,193.05,186.69,199.57,721.0,stable,-2.08,-6.42,2.46,196.53,187.16,206.24,346.6,stable,-3.31,-8.96,2.68,192.0,183.26,201.06,374.4,stable,-1.06,-13.06,12.6,14.64,13.69,15.64,192.2,stable,3.1,-5.55,12.53,13.49,12.22,14.87,89.4,stable,2.05,-4.77,9.35,15.77,14.38,17.27,102.8,stable,3.84,-8.74,18.16,332.68,320.09,345.64,540.6,stable,-3.45,-9.02,2.46,346.38,327.54,366.02,262.0,stable,-4.01,-10.36,2.78,324.48,307.43,342.23,278.6,stable,-3.13,-16.75,12.73,45.1343020654899,34.5280657988097,109.56,6,10
17,Nebraska,31,West North Central,NE,"Nebraska(6,10)",57,56.27,59.19,1249.4,stable,-4.03,-7.98,0.08,67.48,65.16,69.87,663.2,falling,-6.28,-11.23,-1.06,50.39,48.54,52.29,586.2,stable,-1.36,-5.91,3.41,3.33,2.85,3.85,35.6,stable,-8.83,-24.67,10.34,2.57,2.0,3.24,14.0,stable,-17.9,-41.07,14.38,4.1,3.36,4.95,21.6,stable,-2.82,-17.64,14.67,200.3,195.22,205.48,1213.8,stable,-3.81,-7.82,0.38,237.59,229.33,246.07,649.2,falling,-5.94,-10.96,-0.64,171.79,165.41,178.36,564.6,stable,-1.25,-5.82,3.55,17.75,16.93,18.6,371.2,stable,-2.09,-4.98,0.89,18.07,16.92,19.28,191.6,falling,-3.86,-6.59,-1.05,17.48,16.32,18.71,179.6,stable,-0.19,-9.03,9.51,333.97,324.04,344.11,878.2,falling,-4.73,-9.1,-0.16,409.04,392.51,426.09,471.6,stable,-6.98,-14.1,0.73,277.86,265.71,290.42,406.6,stable,-1.84,-5.62,2.08,21.606940285518,23.3833196230828,124.48,6,10
18,New Mexico,35,Mountain,NM,"New Mexico(7,8)",45,38.45,40.71,983.4,falling,-2.29,-2.87,-1.71,45.49,43.71,47.32,515.4,falling,-2.7,-3.37,-2.02,34.88,33.46,36.35,468.0,falling,-2.4,-3.71,-1.07,1.75,1.43,2.11,21.2,stable,-0.95,-2.26,0.38,1.79,1.35,2.34,10.8,falling,-9.0,-9.0,-9.0,1.7,1.27,2.23,10.4,falling,-9.0,-9.0,-9.0,138.6,134.65,142.63,962.2,falling,-2.08,-2.61,-1.55,159.92,153.6,166.42,504.6,falling,-1.86,-2.08,-1.63,121.75,116.75,126.91,457.6,falling,-1.52,-2.4,-0.64,10.28,9.7,10.88,248.8,falling,-2.19,-2.58,-1.8,10.76,9.92,11.66,126.4,falling,-2.71,-3.22,-2.2,9.85,9.06,10.69,122.4,falling,-1.58,-2.1,-1.07,242.02,234.17,250.06,734.6,falling,-2.24,-3.12,-1.34,285.57,272.81,298.78,389.0,falling,-1.59,-1.84,-1.33,207.92,198.14,218.06,345.6,falling,-1.92,-3.42,-0.39,30.9366471447765,23.5377110628728,84.49000000000001,7,8
19,North Dakota,38,West North Central,ND,"North Dakota(6,10)",57,54.94,59.65,478.0,stable,-2.45,-5.88,1.11,65.69,62.05,69.48,254.8,falling,-5.36,-9.61,-0.92,51.08,48.05,54.25,223.2,stable,0.39,-4.56,5.59,2.75,2.07,3.58,11.0,stable,8.12,-28.72,64.01,2.09,1.3,3.15,4.4,stable,2.33,-33.61,57.73,3.46,2.38,4.85,6.6,stable,12.77,-26.92,74.03,200.14,191.95,208.57,467.0,stable,-2.69,-6.81,1.61,232.32,219.34,245.86,250.4,falling,-5.43,-9.25,-1.45,175.94,165.43,186.94,216.6,stable,-0.09,-6.65,6.93,17.25,15.97,18.62,141.4,stable,-4.08,-15.92,9.42,17.46,15.7,19.38,75.0,stable,-5.52,-16.0,6.28,17.03,15.19,19.04,66.4,stable,-2.32,-17.31,15.4,333.83,317.83,350.4,336.6,stable,-1.93,-7.5,3.97,399.05,373.08,426.32,179.8,falling,-5.39,-9.16,-1.46,286.44,266.35,307.6,156.8,stable,1.5,-9.23,13.49,21.8748743179608,21.3533067050896,122.69,6,10
20,Oklahoma,40,West South Central,OK,"Oklahoma(6,10)",69,68.06,70.27,3110.0,stable,-2.63,-5.96,0.81,83.4,81.6,85.23,1700.2,stable,-3.87,-7.66,0.08,57.97,56.61,59.36,1409.8,stable,-1.41,-4.5,1.79,4.15,3.78,4.54,92.6,falling,-7.05,-13.44,-0.19,4.11,3.6,4.68,46.2,stable,-4.66,-17.07,9.62,4.19,3.66,4.76,46.4,stable,-8.88,-22.97,7.79,239.59,235.74,243.49,3017.4,stable,-2.43,-5.96,1.23,291.23,284.85,297.71,1654.0,stable,-3.84,-8.25,0.78,199.01,194.28,203.84,1363.4,stable,-0.97,-3.64,1.78,23.1,22.45,23.77,982.8,stable,-1.98,-5.38,1.53,25.38,24.41,26.38,532.4,stable,-2.55,-7.32,2.47,20.98,20.1,21.89,450.4,stable,-1.35,-5.16,2.63,387.5,380.11,395.0,2127.2,stable,-2.9,-7.31,1.71,484.45,471.9,497.24,1167.8,stable,-4.34,-9.79,1.44,313.65,304.77,322.72,959.4,stable,-1.44,-5.09,2.35,18.0314613558025,25.5572653850924,152.4,6,10
21,South Dakota,46,West North Central,SD,"South Dakota(6,10)",58,56.82,61.15,599.8,stable,-0.72,-4.18,2.86,67.92,64.55,71.42,317.8,stable,-3.56,-7.42,0.45,52.86,50.07,55.77,282.0,stable,2.45,-5.25,10.77,2.78,2.15,3.55,13.0,falling,-15.44,-26.75,-2.38,1.9,1.2,2.84,4.6,stable,-10.15,-42.87,41.31,3.71,2.67,5.01,8.4,stable,-17.87,-37.15,7.33,206.16,198.64,213.9,586.8,stable,-0.17,-3.69,3.47,240.89,228.86,253.38,313.2,stable,-3.43,-7.01,0.28,181.74,172.07,191.8,273.6,stable,3.66,-3.72,11.6,17.45,16.27,18.7,172.4,falling,-4.56,-8.79,-0.14,16.24,14.68,17.94,82.6,falling,-7.73,-13.72,-1.33,18.69,16.94,20.59,89.8,stable,-1.81,-12.13,9.72,345.82,331.1,361.02,427.4,stable,0.64,-3.12,4.55,425.14,400.88,450.48,235.2,stable,-2.46,-7.13,2.45,289.01,270.71,308.21,192.2,stable,4.38,-3.58,13.0,22.5981054170447,22.7465456461663,125.92,6,10
22,Texas,48,West South Central,TX,"Texas(6,10)",51,51.53,52.34,13258.4,falling,-3.42,-4.06,-2.78,63.4,62.73,64.08,7244.6,falling,-4.13,-4.63,-3.63,43.06,42.57,43.56,6013.8,falling,-2.73,-4.0,-1.45,2.61,2.5,2.72,439.2,falling,-6.05,-7.78,-4.29,2.52,2.37,2.68,212.4,stable,-5.67,-12.06,1.19,2.69,2.54,2.85,226.8,falling,-6.47,-9.7,-3.14,181.22,179.79,182.66,12818.2,falling,-3.32,-4.02,-2.62,222.94,220.53,225.36,7031.6,falling,-4.09,-4.56,-3.62,148.9,147.16,150.65,5786.6,falling,-2.56,-3.81,-1.29,15.01,14.81,15.22,4120.4,falling,-3.76,-4.24,-3.26,16.7,16.39,17.01,2248.8,falling,-4.48,-5.3,-3.66,13.44,13.17,13.72,1871.6,falling,-2.88,-4.27,-1.47,307.16,304.31,310.02,9138.0,falling,-3.31,-4.32,-2.3,386.26,381.37,391.19,4995.8,falling,-4.03,-4.61,-3.45,247.8,244.4,251.24,4142.2,falling,-2.68,-4.54,-0.79,65.059642312777,64.8074583774417,114.4,6,10
23,Utah,49,Mountain,UT,"Utah(7,8)",45,25.93,27.81,649.6,falling,-0.89,-1.17,-0.61,31.51,30.02,33.06,352.0,falling,-1.94,-2.29,-1.59,23.04,21.87,24.26,297.6,rising,0.46,0.02,0.89,1.41,1.16,1.69,23.4,falling,-1.81,-3.2,-0.4,1.27,0.95,1.66,10.6,falling,-9.0,-9.0,-9.0,1.55,1.19,1.98,12.8,stable,-0.69,-2.46,1.12,93.5,90.2,96.89,626.2,falling,-0.83,-1.1,-0.56,110.7,105.38,116.22,341.4,falling,-1.9,-2.26,-1.54,79.31,75.19,83.6,284.8,rising,0.54,0.13,0.95,7.96,7.47,8.47,202.6,falling,-2.1,-2.45,-1.76,8.41,7.71,9.17,106.4,falling,-3.0,-3.4,-2.59,7.53,6.86,8.24,96.2,falling,-0.94,-1.42,-0.45,157.49,150.96,164.23,447.0,falling,-0.37,-0.7,-0.04,191.19,180.49,202.35,245.6,falling,-1.57,-2.01,-1.13,130.25,122.26,138.63,201.4,rising,1.16,0.6,1.72,22.9674234859051,19.9922227348698,57.510000000000005,7,8
24,Wyoming,56,Mountain,WY,"Wyoming(6,10)",45,41.81,46.47,294.8,stable,-1.19,-9.4,7.76,46.16,42.76,49.77,146.8,stable,-0.69,-8.88,8.25,42.75,39.66,46.04,148.0,stable,-2.06,-13.1,10.38,2.65,1.91,3.56,8.6,stable,4.21,-30.76,56.83,2.27,1.37,3.53,3.8,stable,0.0,0.0,0.0,3.05,1.95,4.52,4.8,stable,1.72,-43.08,81.8,152.74,144.73,161.07,286.2,stable,-1.35,-9.95,8.06,161.21,149.16,173.96,143.0,stable,-1.15,-9.75,8.26,146.88,136.12,158.26,143.2,stable,-1.9,-12.62,10.13,13.76,12.51,15.11,95.8,stable,-2.14,-10.51,7.0,12.45,10.82,14.27,45.2,stable,3.2,-6.62,14.04,15.11,13.23,17.2,50.6,stable,-6.5,-13.5,1.07,253.73,237.96,270.26,199.0,stable,-0.88,-9.7,8.81,279.22,254.89,305.24,101.6,stable,-1.88,-10.64,7.74,233.86,213.28,255.87,97.4,stable,-0.07,-13.81,15.85,27.9666882988358,21.9870299737593,90.16,6,10
25,Alabama,1,East South Central,AL,"Alabama(6,10)",66,65.47,67.35,3966.0,falling,-2.38,-3.59,-1.15,87.28,85.65,88.94,2307.6,falling,-3.23,-4.8,-1.63,50.49,49.39,51.6,1658.4,stable,-1.45,-3.35,0.49,4.43,4.1,4.78,131.2,stable,-8.05,-16.27,0.99,4.83,4.33,5.36,69.6,falling,-10.34,-14.82,-5.62,4.06,3.61,4.54,61.6,stable,-5.28,-19.65,11.67,228.92,225.65,232.23,3834.8,falling,-2.09,-3.38,-0.78,303.45,297.69,309.3,2238.0,falling,-2.93,-4.74,-1.08,172.27,168.48,176.12,1596.8,falling,-1.22,-2.35,-0.08,24.7,24.11,25.31,1390.2,falling,-1.61,-2.9,-0.31,29.84,28.91,30.8,809.8,stable,-1.94,-5.28,1.53,19.98,19.25,20.75,580.4,stable,-1.12,-4.5,2.37,354.69,348.53,360.94,2575.8,falling,-2.74,-4.14,-1.33,484.34,473.16,495.71,1497.8,falling,-3.77,-5.13,-2.4,261.32,254.34,268.45,1078.0,stable,-1.62,-3.37,0.17,12.8971685481513,17.2376579256252,153.28,6,10
26,Connecticut,9,New England,CT,"Connecticut(7,8)",59,58.78,60.85,2684.4,falling,-1.64,-2.09,-1.2,65.56,63.93,67.21,1299.8,falling,-1.66,-1.83,-1.49,55.82,54.48,57.18,1384.6,falling,-1.19,-1.79,-0.57,3.16,2.84,3.5,75.0,falling,-3.11,-3.53,-2.69,3.0,2.57,3.49,35.2,falling,-3.56,-4.2,-2.91,3.3,2.86,3.8,39.8,falling,-2.74,-3.39,-2.09,208.17,204.55,211.84,2609.4,falling,-1.51,-1.95,-1.07,229.36,223.6,235.22,1264.6,falling,-1.58,-1.75,-1.4,193.33,188.64,198.1,1344.8,falling,-0.99,-1.64,-0.35,17.46,16.9,18.03,770.4,falling,-2.35,-2.55,-2.15,17.65,16.85,18.48,379.8,falling,-2.92,-3.2,-2.65,17.29,16.52,18.1,390.6,falling,-1.74,-2.06,-1.43,352.59,345.44,359.84,1914.0,falling,-1.49,-2.11,-0.86,396.72,385.16,408.54,920.0,falling,-2.23,-3.29,-1.17,322.1,313.01,331.38,994.0,falling,-1.1,-2.09,-0.1,1.3925246586814,5.72245921996374,124.56,7,8
27,Delaware,10,South Atlantic,DE,"Delaware(6,10)",69,67.33,71.64,832.0,stable,-0.54,-3.61,2.62,78.9,75.49,82.43,420.2,stable,-0.75,-7.64,6.64,62.63,59.91,65.46,411.8,stable,-0.48,-1.65,0.71,5.0,4.21,5.9,28.2,stable,-4.18,-27.73,27.03,4.65,3.57,5.95,12.6,stable,-0.26,-27.35,36.95,5.33,4.2,6.66,15.6,stable,-7.4,-30.64,23.63,238.48,231.07,246.07,803.8,stable,-0.3,-3.08,2.55,273.56,261.57,285.96,407.6,stable,-0.81,-7.4,6.26,212.96,203.58,222.66,396.2,stable,0.09,-2.52,2.77,22.53,21.25,23.87,246.2,stable,-2.67,-5.57,0.31,21.93,20.12,23.87,114.2,stable,-4.25,-14.27,6.96,23.1,21.31,25.0,132.0,stable,-1.06,-4.51,2.51,393.85,379.55,408.56,585.8,stable,0.31,-2.92,3.66,472.67,448.85,497.44,306.0,stable,0.45,-6.11,7.46,335.93,318.36,354.21,279.8,stable,-0.19,-2.32,1.99,0.553340464575967,4.07536505545892,147.9,6,10
28,District of Columbia,11,South Atlantic,DC,"District of Columbia(6,10)",49,47.18,52.18,319.4,falling,-10.63,-11.65,-9.59,54.47,50.54,58.61,152.0,falling,-14.03,-17.94,-9.94,46.12,42.98,49.43,167.4,falling,-7.31,-12.22,-2.13,3.34,2.57,4.27,12.8,stable,-7.45,-35.65,33.12,2.6,1.67,3.84,5.0,stable,0.34,-36.13,57.62,4.09,2.9,5.59,7.8,stable,-10.56,-43.62,41.88,171.03,162.4,180.0,306.6,falling,-10.83,-13.26,-8.34,190.42,176.46,205.18,147.0,falling,-14.56,-19.57,-9.23,156.39,145.53,167.84,159.6,falling,-6.98,-13.04,-0.51,20.82,19.24,22.5,131.8,falling,-7.44,-11.14,-3.59,21.31,19.03,23.79,64.6,falling,-15.17,-21.26,-8.62,20.48,18.3,22.85,67.2,stable,0.18,-10.17,11.73,248.81,232.87,265.55,187.6,falling,-12.43,-15.26,-9.51,283.68,257.16,312.2,87.4,falling,-13.46,-16.37,-10.45,223.37,203.86,244.23,100.2,falling,-11.73,-16.38,-6.82,0.0177698305828926,0.632462400895921,103.47,6,10
29,Florida,12,South Atlantic,FL,"Florida(6,10)",58,58.57,59.38,16859.2,falling,-3.35,-3.94,-2.75,68.34,67.7,68.99,8937.2,falling,-3.72,-4.8,-2.63,51.29,50.78,51.81,7922.0,falling,-2.98,-3.83,-2.13,3.83,3.67,3.99,470.2,falling,-6.05,-8.48,-3.55,3.77,3.56,4.0,230.0,stable,-4.62,-9.51,0.54,3.88,3.66,4.11,240.2,falling,-7.34,-11.25,-3.26,203.58,202.18,204.98,16389.0,falling,-3.21,-3.95,-2.47,237.62,235.38,239.87,8707.2,falling,-3.67,-4.83,-2.51,175.63,173.86,177.42,7681.8,falling,-2.73,-3.64,-1.81,20.83,20.56,21.1,4835.8,falling,-3.55,-4.27,-2.82,23.11,22.71,23.52,2579.8,falling,-4.22,-5.78,-2.63,18.79,18.44,19.15,2256.0,falling,-2.77,-5.01,-0.49,322.68,320.09,325.28,12023.4,falling,-3.26,-3.79,-2.71,381.0,376.8,385.24,6357.4,falling,-3.5,-4.81,-2.17,275.94,272.71,279.2,5666.0,falling,-3.09,-3.92,-2.25,13.3476723757465,41.0850101653537,126.34,6,10
30,Georgia,13,South Atlantic,GA,"Georgia(7,8)",64,63.35,64.76,6658.2,falling,-2.03,-2.61,-1.46,81.21,79.99,82.45,3711.6,falling,-2.37,-2.56,-2.18,51.29,50.45,52.14,2946.6,falling,-1.65,-2.23,-1.06,3.42,3.22,3.62,232.4,falling,-8.81,-12.3,-5.18,3.57,3.29,3.87,118.4,falling,-5.86,-6.72,-5.01,3.27,3.01,3.55,114.0,falling,-6.01,-7.5,-4.5,222.83,220.33,225.34,6425.8,falling,-1.29,-1.52,-1.05,284.52,280.16,288.93,3593.2,falling,-2.21,-2.41,-2.01,177.01,174.06,180.0,2832.6,falling,-1.31,-1.95,-0.66,20.95,20.57,21.34,2302.4,falling,-2.68,-2.97,-2.39,24.64,24.04,25.25,1299.4,falling,-3.35,-3.71,-2.99,17.64,17.15,18.14,1003.0,falling,-1.69,-2.18,-1.2,361.98,357.09,366.92,4355.8,falling,-1.76,-2.37,-1.15,472.26,463.54,481.11,2412.2,falling,-1.99,-2.23,-1.75,283.86,278.16,289.64,1943.6,falling,-1.17,-1.89,-0.44,14.5988274161541,20.103467490377,145.20999999999998,7,8
31,Illinois,17,East North Central,IL,"Illinois(6,10)",64,64.07,65.26,9426.0,stable,-1.47,-3.5,0.61,75.33,74.36,76.31,4845.0,falling,-2.62,-4.0,-1.22,56.97,56.22,57.72,4581.0,stable,-0.34,-3.7,3.13,3.43,3.25,3.61,278.0,stable,-5.02,-10.03,0.28,3.17,2.93,3.43,127.6,stable,-6.85,-14.23,1.16,3.68,3.42,3.95,150.4,stable,-3.47,-9.27,2.7,225.19,223.1,227.3,9147.8,stable,-1.32,-3.25,0.64,264.44,260.99,267.92,4717.2,falling,-2.49,-3.78,-1.17,196.69,194.07,199.33,4430.6,stable,-0.19,-3.48,3.21,19.72,19.4,20.05,2893.6,stable,-2.09,-5.35,1.27,21.13,20.65,21.62,1520.2,falling,-3.7,-7.24,-0.03,18.42,17.98,18.88,1373.4,stable,-0.33,-4.54,4.06,375.31,371.21,379.46,6532.4,stable,-1.23,-3.0,0.58,450.01,443.09,457.01,3324.8,falling,-2.26,-3.1,-1.42,323.38,318.32,328.5,3207.6,stable,-0.33,-3.83,3.29,15.3968655289839,19.999224574267,139.32999999999998,6,10
32,Indiana,18,East North Central,IN,"Indiana(6,10)",72,72.02,73.77,5542.2,stable,-0.45,-3.25,2.42,88.19,86.74,89.65,3001.0,stable,-1.31,-4.2,1.66,61.29,60.21,62.39,2541.2,stable,0.42,-2.71,3.66,5.37,5.05,5.7,215.2,stable,-4.0,-10.58,3.06,5.32,4.88,5.8,106.6,stable,-5.89,-14.38,3.44,5.41,4.96,5.89,108.6,stable,-2.13,-11.01,7.64,249.98,246.94,253.05,5327.0,stable,-0.25,-2.93,2.49,305.44,300.34,310.6,2894.4,stable,-1.1,-3.77,1.64,207.89,204.17,211.67,2432.6,stable,0.59,-2.43,3.71,24.99,24.47,25.52,1855.4,stable,0.31,-3.25,3.99,27.46,26.7,28.25,1009.0,stable,-0.59,-3.4,2.3,22.65,21.95,23.36,846.4,stable,1.37,-3.76,6.76,404.01,398.13,409.95,3686.8,stable,-0.78,-3.48,2.0,507.93,497.82,518.19,1992.0,stable,-1.58,-4.55,1.48,328.43,321.38,335.58,1694.8,stable,-0.03,-2.96,3.0,9.9321297246986,16.1103069475945,160.19,6,10
33,Kentucky,21,East South Central,KY,"Kentucky(7,8)",75,91.07,93.43,4886.2,falling,-1.92,-2.69,-1.16,111.25,109.3,113.23,2644.2,falling,-1.85,-2.1,-1.6,77.84,76.39,79.32,2242.0,falling,-1.51,-2.28,-0.74,6.94,6.51,7.39,194.2,falling,-6.2,-9.06,-3.25,6.73,6.14,7.37,94.2,falling,-3.48,-4.72,-2.23,7.14,6.53,7.8,100.0,falling,-7.12,-11.26,-2.8,315.62,311.53,319.75,4692.0,falling,-1.66,-2.48,-0.84,384.94,378.06,391.9,2550.0,falling,-1.76,-2.0,-1.52,262.98,257.97,268.07,2142.0,falling,-0.67,-1.25,-0.1,34.15,33.42,34.9,1745.6,falling,-1.37,-1.65,-1.09,37.95,36.86,39.07,952.6,falling,-2.1,-2.43,-1.76,30.62,29.65,31.62,793.0,falling,-0.45,-0.84,-0.06,493.77,485.98,501.65,3140.6,falling,-1.96,-2.84,-1.08,617.94,604.51,631.6,1691.6,falling,-1.75,-2.03,-1.46,404.29,394.94,413.8,1449.0,falling,-0.85,-1.68,-0.02,10.6453959661208,21.1523487300401,203.25,7,8
34,Maine,23,New England,ME,"Maine(6,10)",73,71.92,75.47,1394.6,stable,-1.25,-3.55,1.11,83.34,80.57,86.19,723.2,stable,-2.02,-6.83,3.04,66.34,64.06,68.69,671.4,stable,-0.47,-3.5,2.66,6.36,5.62,7.18,53.6,stable,0.92,-19.86,27.08,6.27,5.24,7.46,26.2,stable,-2.71,-34.8,45.17,6.44,5.4,7.63,27.4,stable,5.04,-21.47,40.48,250.27,244.22,256.43,1341.0,stable,-1.35,-4.13,1.5,285.47,275.83,295.35,697.0,stable,-1.89,-7.56,4.13,223.51,215.74,231.48,644.0,stable,-0.82,-3.13,1.54,25.44,24.34,26.57,444.6,stable,0.75,-5.18,7.05,27.57,25.96,29.26,238.0,stable,-0.42,-8.22,8.04,23.43,21.96,25.0,206.6,stable,2.01,-7.31,12.26,407.13,395.49,419.04,950.0,stable,-2.08,-4.43,0.33,468.86,450.03,488.28,485.2,stable,-2.62,-8.64,3.79,362.92,348.11,378.18,464.8,stable,-1.54,-5.55,2.63,9.57069799757346,18.8987201297675,156.34,6,10
35,Maryland,24,South Atlantic,MD,"Maryland(6,10)",56,55.61,57.26,3788.0,falling,-1.81,-2.87,-0.74,63.75,62.42,65.09,1876.2,falling,-2.74,-4.09,-1.37,51.09,50.05,52.15,1911.8,falling,-1.05,-1.92,-0.17,3.45,3.19,3.72,135.6,stable,-8.45,-21.68,7.0,3.32,2.96,3.71,63.0,stable,-4.93,-17.79,9.94,3.56,3.2,3.95,72.6,stable,-11.41,-26.21,6.36,195.34,192.46,198.26,3652.4,stable,-1.49,-3.04,0.09,222.15,217.46,226.92,1813.2,falling,-2.64,-4.18,-1.07,175.73,172.09,179.42,1839.2,stable,-0.46,-2.2,1.31,17.29,16.85,17.74,1205.4,falling,-4.03,-7.6,-0.32,18.3,17.65,18.98,610.8,falling,-4.37,-7.79,-0.81,16.4,15.8,17.01,594.6,stable,-3.72,-7.51,0.23,326.95,321.25,332.72,2582.6,stable,-0.99,-2.84,0.9,377.88,368.44,387.49,1265.4,falling,-2.17,-4.16,-0.14,290.91,283.81,298.14,1317.2,stable,0.0,-1.96,2.0,2.62515321168507,21.8809236014951,119.75,6,10
36,Massachusetts,25,New England,MA,"Massachusetts(7,8)",61,61.04,62.6,5023.4,falling,-2.42,-2.92,-1.91,66.28,65.06,67.52,2360.2,falling,-3.31,-4.05,-2.57,59.08,58.06,60.11,2663.2,falling,-1.92,-2.54,-1.29,3.52,3.28,3.78,156.4,falling,-7.01,-9.44,-4.51,2.97,2.65,3.31,64.4,falling,-5.03,-6.29,-3.75,4.04,3.68,4.43,92.0,falling,-3.03,-4.68,-1.36,214.46,211.73,217.22,4867.0,falling,-2.22,-2.82,-1.62,232.06,227.73,236.45,2295.8,falling,-3.19,-4.0,-2.37,203.18,199.62,206.79,2571.2,falling,-1.61,-2.33,-0.89,18.62,18.2,19.06,1492.4,falling,-3.37,-3.85,-2.88,18.15,17.54,18.77,707.2,falling,-3.45,-3.8,-3.09,19.08,18.48,19.71,785.2,falling,-2.25,-2.64,-1.86,360.36,354.98,365.8,3531.0,falling,-2.04,-2.77,-1.3,398.97,390.29,407.81,1653.0,falling,-3.07,-3.99,-2.15,335.52,328.63,342.52,1878.0,falling,-1.5,-2.38,-0.61,2.30920890908374,13.1051255952023,127.28,7,8
37,Michigan,26,East North Central,MI,"Michigan(5,10)",64,63.39,64.68,7881.2,falling,-2.36,-4.36,-0.32,73.23,72.2,74.27,4070.6,falling,-3.02,-4.18,-1.85,57.17,56.35,58.01,3810.6,stable,-1.77,-5.07,1.64,4.28,4.05,4.52,260.8,stable,-2.28,-7.45,3.18,4.0,3.68,4.33,120.2,stable,-2.41,-6.03,1.34,4.56,4.23,4.91,140.6,stable,-2.16,-10.12,6.51,220.68,218.43,222.94,7619.8,falling,-2.36,-4.24,-0.45,254.7,251.06,258.37,3950.0,falling,-3.04,-4.15,-1.92,195.16,192.3,198.05,3669.8,stable,-1.75,-4.89,1.5,21.72,21.34,22.11,2605.6,stable,-0.9,-2.37,0.58,22.71,22.16,23.27,1344.2,stable,-1.64,-3.88,0.65,20.81,20.28,21.34,1261.4,stable,-0.15,-2.15,1.89,356.49,352.14,360.87,5275.6,falling,-2.97,-5.36,-0.52,422.47,415.28,429.75,2726.4,falling,-3.53,-4.42,-2.63,308.56,303.16,314.04,2549.2,stable,-2.52,-6.55,1.69,16.9282599385151,40.8232803906759,137.23000000000002,5,10
38,Mississippi,28,East South Central,MS,"Mississippi(6,10)",75,74.22,76.86,2614.6,stable,-0.8,-2.06,0.48,99.46,97.16,101.79,1522.0,stable,-1.71,-4.15,0.79,57.39,55.85,58.95,1092.6,stable,0.32,-1.9,2.59,5.22,4.76,5.72,92.6,stable,-7.24,-14.34,0.44,5.27,4.6,6.0,45.0,stable,-2.51,-10.58,6.29,5.18,4.54,5.88,47.6,falling,-11.63,-19.44,-3.05,259.89,255.31,264.53,2522.0,stable,-0.46,-1.72,0.81,346.36,338.26,354.62,1477.0,stable,-1.68,-4.21,0.91,194.35,189.07,199.74,1045.0,stable,1.17,-0.83,3.22,28.23,27.41,29.07,937.4,stable,-0.84,-4.01,2.44,34.1,32.81,35.42,548.8,stable,-1.3,-6.37,4.04,22.89,21.85,23.96,388.6,stable,-0.14,-3.75,3.61,402.5,393.83,411.3,1677.2,falling,-0.78,-1.47,-0.08,551.25,535.48,567.37,973.2,stable,-1.88,-3.81,0.08,295.86,286.09,305.88,704.0,stable,0.56,-1.03,2.17,11.8710687365776,22.0600157446381,174.45999999999998,6,10
39,New Hampshire,33,New England,NH,"New Hampshire(6,10)",64,62.6,66.1,1098.8,stable,-1.87,-3.77,0.07,68.26,65.6,71.01,529.6,falling,-2.66,-4.75,-0.52,62.22,59.9,64.61,569.2,stable,-1.3,-4.21,1.69,3.78,3.22,4.41,33.4,stable,-4.31,-18.82,12.8,3.22,2.5,4.09,14.0,stable,-6.53,-27.97,21.29,4.33,3.5,5.3,19.4,stable,-1.71,-18.06,17.9,223.07,216.98,229.29,1065.4,stable,-1.79,-3.95,0.42,238.72,229.28,248.44,515.6,stable,-2.54,-5.38,0.39,214.01,205.92,222.34,549.8,stable,-1.26,-4.78,2.38,19.55,18.61,20.53,344.0,stable,1.59,-4.17,7.71,18.31,17.03,19.67,160.4,stable,0.34,-8.15,9.62,20.76,19.4,22.2,183.6,stable,2.68,-2.43,8.06,373.88,361.83,386.22,754.8,falling,-3.04,-5.93,-0.05,413.53,394.47,433.26,369.2,falling,-3.52,-6.01,-0.97,348.79,333.1,365.01,385.6,stable,-2.81,-8.3,3.0,2.67729609815297,8.37458017482571,132.26,6,10
40,New Jersey,34,Middle Atlantic,NJ,"New Jersey(7,8)",56,55.49,56.79,5951.0,falling,-9.15,-12.92,-5.22,62.25,61.21,63.3,2857.2,falling,-10.06,-13.52,-6.46,52.04,51.21,52.88,3093.8,falling,-7.47,-10.59,-4.23,3.11,2.92,3.32,188.8,stable,-8.66,-17.61,1.26,2.85,2.58,3.14,84.2,falling,-4.42,-4.88,-3.96,3.37,3.08,3.67,104.6,falling,-5.61,-7.06,-4.13,194.99,192.71,197.29,5762.2,falling,-9.14,-12.92,-5.19,217.8,214.11,221.54,2773.0,falling,-2.31,-2.65,-1.96,179.49,176.58,182.43,2989.2,falling,-7.65,-11.19,-3.97,15.95,15.6,16.3,1677.0,falling,-4.39,-5.41,-3.36,15.9,15.41,16.41,810.4,falling,-5.25,-6.28,-4.21,16.0,15.52,16.5,866.6,falling,-3.14,-3.91,-2.36,333.95,329.44,338.52,4274.0,falling,-9.64,-13.53,-5.57,382.61,375.13,390.19,2046.8,falling,-10.43,-14.01,-6.71,301.12,295.46,306.85,2227.2,falling,-7.84,-11.06,-4.5,2.05674065717676,8.41959364719314,118.25,7,8
41,New York,36,Middle Atlantic,NY,"New York(7,8)",58,58.43,59.32,13803.0,falling,-1.66,-2.04,-1.28,66.99,66.26,67.72,6823.8,falling,-2.54,-3.12,-1.96,53.24,52.67,53.81,6979.2,falling,-1.03,-1.53,-0.53,3.72,3.57,3.87,476.6,falling,-4.72,-5.62,-3.82,3.42,3.22,3.64,215.0,falling,-4.48,-4.94,-4.01,4.0,3.79,4.23,261.6,falling,-6.68,-10.01,-3.23,203.29,201.73,204.86,13326.4,falling,-1.49,-1.9,-1.07,233.44,230.88,236.02,6608.8,falling,-2.47,-3.11,-1.83,182.17,180.2,184.15,6717.6,falling,-0.75,-1.28,-0.22,18.73,18.47,18.99,4226.8,falling,-2.3,-2.42,-2.18,19.16,18.79,19.54,2091.4,falling,-3.1,-3.28,-2.91,18.36,18.01,18.72,2135.4,falling,-1.49,-1.65,-1.33,336.34,333.3,339.41,9576.2,falling,-1.43,-1.92,-0.94,397.61,392.5,402.78,4732.4,falling,-2.42,-3.17,-1.66,294.33,290.58,298.12,4843.8,falling,-0.79,-1.44,-0.14,13.8749478998814,28.4874693215156,124.99,7,8
42,North Carolina,37,South Atlantic,NC,"North Carolina(6,10)",68,68.07,69.44,8039.4,stable,-1.75,-3.63,0.17,84.86,83.71,86.03,4385.0,falling,-2.54,-4.27,-0.79,56.69,55.86,57.53,3654.4,stable,-0.96,-3.72,1.88,4.39,4.16,4.63,278.8,falling,-4.67,-7.49,-1.77,4.41,4.08,4.75,137.6,stable,-5.39,-11.66,1.33,4.37,4.05,4.7,141.2,stable,-4.05,-8.47,0.59,237.53,235.13,239.94,7760.6,stable,-1.61,-3.56,0.39,295.77,291.68,299.9,4247.4,falling,-2.44,-4.41,-0.42,193.93,191.04,196.86,3513.2,stable,-0.77,-3.55,2.09,23.23,22.83,23.64,2620.4,stable,-0.98,-4.18,2.32,26.23,25.61,26.85,1424.0,stable,-1.99,-5.83,2.0,20.53,20.01,21.07,1196.4,stable,0.19,-3.05,3.53,383.46,378.84,388.11,5419.0,falling,-2.06,-4.05,-0.04,490.19,482.12,498.36,2961.0,falling,-2.73,-4.53,-0.89,306.64,301.19,312.18,2458.0,stable,-1.5,-4.98,2.12,12.628136009479,34.583496532396,152.86,6,10
43,Ohio,39,East North Central,OH,"Ohio(6,10)",68,67.89,69.12,9857.6,stable,-1.37,-3.75,1.08,81.05,80.05,82.07,5217.8,stable,-2.12,-4.76,0.59,59.12,58.35,59.9,4639.8,stable,-0.69,-3.25,1.93,5.23,5.0,5.48,370.4,stable,-4.83,-9.53,0.11,5.08,4.75,5.43,177.6,falling,-5.21,-7.04,-3.35,5.38,5.05,5.73,192.8,stable,-4.46,-13.51,5.53,234.44,232.3,236.59,9486.8,stable,-1.16,-3.46,1.19,280.22,276.69,283.79,5039.8,stable,-1.98,-4.74,0.86,200.1,197.45,202.79,4447.0,stable,-0.41,-2.81,2.04,24.77,24.38,25.15,3394.6,stable,-0.4,-4.02,3.36,26.75,26.19,27.33,1805.6,stable,-0.91,-3.94,2.21,22.9,22.39,23.43,1589.0,stable,0.17,-4.51,5.09,370.85,366.78,374.96,6463.0,stable,-1.81,-3.96,0.39,456.38,449.46,463.39,3412.2,stable,-2.6,-5.41,0.28,309.46,304.51,314.47,3050.8,stable,-1.12,-3.24,1.04,11.300200978689,16.1304354073647,149.05,6,10
44,Pennsylvania,42,Middle Atlantic,PA,"Pennsylvania(6,10)",64,63.46,64.56,10776.6,falling,-0.8,-1.4,-0.21,74.84,73.95,75.74,5592.0,falling,-1.95,-2.78,-1.12,56.19,55.49,56.89,5184.6,stable,0.27,-1.09,1.66,4.14,3.94,4.35,325.2,stable,-4.84,-10.13,0.76,3.6,3.33,3.88,139.6,stable,-3.61,-9.03,2.14,4.68,4.38,5.0,185.6,stable,-5.8,-13.48,2.57,220.97,219.06,222.9,10451.2,falling,-0.61,-0.99,-0.22,261.57,258.42,264.75,5452.4,falling,-1.89,-2.81,-0.96,191.27,188.87,193.69,4998.8,stable,0.66,-0.47,1.81,21.2,20.86,21.53,3291.2,stable,-0.8,-2.16,0.58,21.89,21.41,22.37,1685.0,stable,-1.74,-3.63,0.18,20.57,20.11,21.04,1606.2,stable,0.16,-1.94,2.29,359.96,356.27,363.67,7485.4,falling,-0.8,-1.24,-0.37,440.85,434.62,447.15,3907.0,falling,-2.02,-3.11,-0.92,302.38,297.89,306.93,3578.4,stable,0.33,-0.85,1.53,12.5503125403161,16.8410838373708,138.84,6,10
45,Rhode Island,44,New England,RI,"Rhode Island(6,10)",70,68.51,72.67,932.0,falling,-1.1,-2.18,-0.01,77.99,74.72,81.36,451.2,falling,-2.09,-4.11,-0.03,65.73,63.06,68.49,480.8,stable,-0.4,-2.75,1.99,4.3,3.62,5.08,28.4,stable,2.11,-7.51,12.73,4.01,3.08,5.12,12.8,rising,17.89,8.34,28.28,4.58,3.61,5.73,15.6,stable,-9.46,-20.55,3.18,244.3,237.09,251.68,903.6,falling,-1.25,-2.42,-0.06,271.91,260.38,283.83,438.4,falling,-2.78,-4.79,-0.72,226.07,216.78,235.65,465.2,stable,0.09,-2.79,3.06,22.5,21.32,23.73,285.6,stable,-0.2,-6.92,7.0,22.07,20.4,23.85,135.2,stable,1.46,-7.42,11.2,22.9,21.25,24.66,150.4,stable,-1.7,-8.31,5.38,402.83,388.8,417.23,646.4,stable,-1.5,-5.29,2.43,464.51,441.5,488.4,316.0,stable,-3.26,-7.43,1.09,361.75,344.09,380.06,330.4,stable,0.09,-5.93,6.49,0.292628964998585,3.64267357855835,147.99,6,10
46,South Carolina,45,South Atlantic,SC,"South Carolina(6,10)",65,64.56,66.43,3947.4,falling,-3.12,-5.86,-0.3,81.76,80.19,83.36,2206.8,stable,-3.34,-7.66,1.18,52.91,51.78,54.06,1740.6,falling,-2.98,-5.01,-0.9,4.38,4.05,4.73,129.2,stable,-5.6,-12.09,1.37,4.29,3.83,4.8,61.6,stable,-4.82,-16.11,8.0,4.46,4.0,4.97,67.6,stable,-6.17,-12.35,0.44,225.74,222.49,229.03,3818.2,stable,-2.99,-5.95,0.06,284.83,279.28,290.47,2145.2,stable,-3.28,-7.94,1.62,180.0,176.1,183.95,1673.0,falling,-2.77,-4.69,-0.81,23.59,23.01,24.18,1323.4,falling,-2.45,-3.17,-1.71,27.67,26.77,28.6,744.6,falling,-3.42,-3.86,-2.97,19.97,19.23,20.74,578.8,stable,-1.17,-3.14,0.84,355.14,348.98,361.38,2624.0,stable,-3.43,-7.19,0.48,455.63,444.89,466.57,1462.2,stable,-3.32,-9.49,3.26,280.57,273.3,287.98,1161.8,falling,-3.85,-7.06,-0.53,7.79450431631267,16.1270830678439,146.76,6,10
47,Tennessee,47,East South Central,TN,"Tennessee(6,10)",75,74.27,76.01,5933.4,stable,-1.11,-4.58,2.5,93.08,91.62,94.57,3286.8,stable,-1.54,-4.72,1.74,61.53,60.47,62.61,2646.6,stable,-0.68,-5.09,3.95,5.6,5.28,5.93,230.4,falling,-6.29,-10.09,-2.33,5.46,5.01,5.93,110.8,falling,-6.75,-12.93,-0.14,5.73,5.28,6.21,119.6,stable,-6.0,-17.14,6.63,257.51,254.48,260.56,5702.8,stable,-0.81,-4.32,2.83,322.82,317.65,328.04,3176.0,stable,-1.32,-4.79,2.27,207.91,204.26,211.61,2526.8,stable,-0.28,-4.76,4.41,27.75,27.21,28.31,2079.8,stable,-1.43,-4.29,1.52,31.35,30.53,32.19,1140.0,falling,-1.85,-3.61,-0.06,24.48,23.77,25.21,939.8,stable,-0.87,-5.84,4.37,402.67,396.93,408.48,3853.6,stable,-0.96,-4.93,3.17,519.8,509.74,530.02,2146.8,stable,-1.43,-5.96,3.32,317.63,310.86,324.51,1706.8,stable,-0.57,-4.78,3.83,10.8766116317497,21.460336326398,168.07999999999998,6,10
48,Vermont,50,New England,VT,"Vermont(6,10)",62,59.93,64.87,524.4,stable,-1.45,-4.0,1.17,68.8,65.02,72.75,267.0,stable,-3.13,-6.79,0.67,57.23,54.07,60.55,257.4,stable,0.3,-7.53,8.8,4.58,3.66,5.67,17.4,stable,-1.8,-34.24,46.65,5.06,3.72,6.72,9.6,stable,0.72,-40.93,71.73,4.12,2.92,5.65,7.8,stable,-4.88,-31.3,31.69,213.71,205.28,222.4,506.8,stable,-1.23,-4.2,1.83,235.64,222.51,249.35,257.2,stable,-3.11,-6.75,0.67,196.52,185.55,207.96,249.6,stable,0.72,-8.53,10.91,21.08,19.64,22.61,173.2,stable,-1.52,-9.55,7.23,22.71,20.59,25.02,91.6,stable,-3.44,-11.45,5.29,19.5,17.57,21.61,81.6,stable,0.68,-10.98,13.87,347.7,331.33,364.66,351.2,stable,-1.35,-5.64,3.15,387.36,361.51,414.57,175.4,stable,-2.95,-7.33,1.63,318.07,297.01,340.21,175.8,stable,0.29,-12.63,15.13,2.79411669600108,8.45014587090077,130.8,6,10
49,Virginia,51,South Atlantic,VA,"Virginia(6,10)",58,57.85,59.27,5471.2,falling,-2.19,-3.73,-0.61,69.03,67.87,70.2,2891.0,falling,-3.64,-6.4,-0.8,50.56,49.68,51.46,2580.2,stable,-0.68,-3.01,1.7,3.35,3.13,3.57,181.4,falling,-13.23,-19.63,-6.32,3.08,2.78,3.39,81.8,falling,-15.67,-28.34,-0.76,3.61,3.3,3.95,99.6,falling,-10.98,-20.17,-0.75,203.29,200.8,205.8,5289.6,stable,-1.69,-3.45,0.09,241.89,237.77,246.06,2809.2,falling,-3.23,-5.92,-0.47,173.67,170.58,176.8,2480.4,stable,-0.09,-2.9,2.8,18.65,18.26,19.05,1776.4,stable,-2.53,-6.71,1.84,20.49,19.91,21.09,953.4,stable,-4.2,-10.1,2.1,16.97,16.44,17.51,823.0,stable,-0.59,-3.07,1.94,334.4,329.53,339.33,3694.8,falling,-2.06,-3.43,-0.67,404.55,396.34,412.89,1937.6,falling,-3.47,-6.25,-0.6,282.79,276.83,288.84,1757.2,stable,-0.72,-3.43,2.06,10.5123344477536,31.1995914728605,127.03,6,10
50,West Virginia,54,South Atlantic,WV,"West Virginia(6,10)",75,77.78,80.92,2047.4,stable,-1.46,-3.68,0.82,95.18,92.64,97.77,1130.2,stable,-2.46,-6.63,1.9,66.99,65.03,69.01,917.2,stable,-0.28,-2.6,2.09,6.14,5.51,6.82,69.6,stable,-7.53,-17.99,4.26,5.91,5.05,6.88,33.6,stable,-14.14,-28.72,3.42,6.37,5.47,7.38,36.0,stable,-0.91,-9.78,8.84,271.32,265.93,276.8,1977.8,stable,-1.09,-4.11,2.02,329.24,320.35,338.31,1096.6,stable,-1.89,-7.08,3.6,226.06,219.36,232.92,881.2,stable,-0.23,-2.26,1.84,30.96,29.92,32.04,718.6,stable,-0.18,-3.04,2.76,33.23,31.71,34.8,387.8,stable,-2.24,-4.88,0.48,28.82,27.39,30.31,330.8,stable,2.28,-2.72,7.54,413.73,403.74,423.91,1328.8,stable,-2.13,-4.96,0.79,523.42,506.35,540.93,742.4,stable,-2.57,-8.06,3.24,330.87,318.9,343.17,586.4,stable,-1.81,-3.97,0.41,6.49329429052,18.1962363060748,174.18,6,10
51,Wisconsin,55,East North Central,WI,"Wisconsin(6,10)",59,58.93,60.58,4190.2,falling,-1.19,-1.73,-0.65,67.65,66.35,68.97,2170.4,stable,-1.21,-3.3,0.92,53.9,52.83,54.98,2019.8,stable,-1.39,-3.09,0.34,3.41,3.15,3.7,120.6,stable,-3.44,-10.38,4.03,3.19,2.82,3.58,56.2,stable,-1.88,-10.99,8.17,3.64,3.25,4.07,64.4,stable,-4.62,-21.19,15.42,207.44,204.56,210.36,4069.6,falling,-1.1,-1.47,-0.73,236.62,232.02,241.29,2114.2,stable,-1.18,-3.21,0.9,185.67,181.95,189.44,1955.4,stable,-1.23,-3.26,0.83,18.12,17.67,18.59,1260.8,stable,-0.75,-3.51,2.1,18.91,18.26,19.58,662.4,stable,-0.53,-3.61,2.66,17.35,16.72,18.01,598.4,stable,-0.96,-4.97,3.21,347.5,341.82,353.24,2929.4,stable,-1.37,-2.79,0.06,404.56,395.35,413.93,1508.0,stable,-1.45,-4.15,1.33,306.5,299.31,313.82,1421.4,stable,-1.57,-4.23,1.15,16.4773273314368,21.8914009921938,126.65,6,10
